"ID","F-number","JH-number","title","Dimensions","creator-place","creator-date","credits","details","rgb_img","bw_img","rgb_shape","bw_shape","heads","Head of a Woman","Head of a Man","Head of a Woman 1","Head of a Woman 2","Head of a Woman 3","Head of a Woman 4","Head of a Prostitute","Head of an Old Man","Torso of Venus","Torso of Venus 1","Torso of Venus 2","Torso of Venus 3","this torso of Venus","standing torso of Venus","Plaster Cast of a Womans Torso","Plaster Cast of a Womans Torso 1","Male Torso","drawing","figure (representation)","landscape (representation)","painting","portrait","still life","nude","cityscape","animal art","Horse","Kneeling Ecorche","Portrait of a Prostitute","Woman Sewing","The Potato Eaters","Letter from Vincent van Gogh to Theo van Gogh with sketches of Head of a Woman and Head of a Woman","Van Gogh wrote","he wrote","drew","complementary colours","which he painted a number of times","He would use this technique more than once in his later work","1871 - 1880","1881","1884","1885","1886","1887","1890","Nuenen","Antwerp","Paris","Brussels","Auvers-sur-Oise"
"s0004V1962r","F0388r","JH0782","Head of a Woman","43.5 cm x 36.2 cm","Nuenen","May 1885","Van Gogh Museum, Amsterdam (Vincent van Gogh Foundation)","oil on canvas","Data\Img\s0004V1962r\vangoghmuseum-s0004V1962r-800-rgb.jpg","Data\Img\s0004V1962r\vangoghmuseum-s0004V1962r-800-bw.jpg","[800, 675, 3]","[800, 675]","https://vangoghmuseum.nl/en/collection?Genre=heads","localhost","localhost","localhost","localhost","localhost","localhost","localhost","localhost","localhost","localhost","localhost","localhost","localhost","localhost","localhost","localhost","localhost","localhost","https://vangoghmuseum.nl/en/collection?Genre=figure (representation)","localhost","https://vangoghmuseum.nl/en/collection?Type=painting","localhost","localhost","localhost","localhost","localhost","localhost","localhost","localhost","localhost","localhost","localhost","localhost","localhost","localhost","localhost","localhost","localhost","localhost","localhost","localhost","https://vangoghmuseum.nl/en/collection?Date=1885","localhost","localhost","localhost","https://vangoghmuseum.nl/en/collection?Place=Nuenen","localhost","localhost","localhost","localhost"
"s0006V1962","F0160","JH0722","Head of a Woman","43.2 cm x 30.0 cm, 2.2 cm x 59.0 cm, 46.2 cm x 9.5 cm","Nuenen","April 1885","Van Gogh Museum, Amsterdam (Vincent van Gogh Foundation)","oil on canvas","Data\Img\s0006V1962\vangoghmuseum-s0006V1962-800-rgb.jpg","Data\Img\s0006V1962\vangoghmuseum-s0006V1962-800-bw.jpg","[800, 545, 3]","[800, 545]","https://vangoghmuseum.nl/en/collection?Genre=heads","https://vangoghmuseum.nl/en/collection/s0072V1962","https://vangoghmuseum.nl/en/collection/s0069V1962","https://vangoghmuseum.nl/en/collection/s0139V1962","https://vangoghmuseum.nl/en/collection/s0062V1962","https://vangoghmuseum.nl/en/collection/s0084V1962","localhost","localhost","localhost","localhost","localhost","localhost","localhost","localhost","localhost","localhost","localhost","localhost","localhost","https://vangoghmuseum.nl/en/collection?Genre=figure (representation)","localhost","https://vangoghmuseum.nl/en/collection?Type=painting","localhost","localhost","localhost","localhost","localhost","localhost","localhost","localhost","localhost","localhost","localhost","localhost","localhost","localhost","https://www.vangoghmuseum.nl/en/stories/looking-for-contrast#3","localhost","localhost","localhost","localhost","localhost","https://vangoghmuseum.nl/en/collection?Date=1885","localhost","localhost","localhost","https://vangoghmuseum.nl/en/collection?Place=Nuenen","localhost","localhost","localhost","localhost"
"s0010V1962","F0174","JH0978","Portrait of an Old Woman","50.5 cm x 39.8 cm, 68.1 cm x 57.7 cm","Antwerp","December 1885","Van Gogh Museum, Amsterdam (Vincent van Gogh Foundation)","oil on canvas","Data\Img\s0010V1962\vangoghmuseum-s0010V1962-800-rgb.jpg","Data\Img\s0010V1962\vangoghmuseum-s0010V1962-800-bw.jpg","[800, 622, 3]","[800, 622]","localhost","localhost","localhost","localhost","localhost","localhost","localhost","localhost","localhost","localhost","localhost","localhost","localhost","localhost","localhost","localhost","localhost","localhost","localhost","localhost","localhost","https://vangoghmuseum.nl/en/collection?Type=painting","https://vangoghmuseum.nl/en/collection?Genre=portrait","localhost","localhost","localhost","localhost","localhost","localhost","localhost","localhost","localhost","localhost","localhost","localhost","localhost","localhost","localhost","localhost","localhost","localhost","localhost","https://vangoghmuseum.nl/en/collection?Date=1885","localhost","localhost","localhost","localhost","https://vangoghmuseum.nl/en/collection?Place=Antwerp","localhost","localhost","localhost"
"s0056V1962","F0216a","JH1054","Torso of Venus","46.0 cm x 38.0 cm, 55.1 cm x 46.5 cm","Paris","June 1886","Van Gogh Museum, Amsterdam (Vincent van Gogh Foundation)","oil on cardboard","Data\Img\s0056V1962\vangoghmuseum-s0056V1962-800-rgb.jpg","Data\Img\s0056V1962\vangoghmuseum-s0056V1962-800-bw.jpg","[800, 652, 3]","[800, 652]","localhost","localhost","localhost","localhost","localhost","localhost","localhost","localhost","localhost","https://vangoghmuseum.nl/en/collection/s0089V1962","https://vangoghmuseum.nl/en/collection/s0101V1962","https://vangoghmuseum.nl/en/collection/s0201V1962","localhost","https://www.vangoghmuseum.nl/en/collection/s0199V1962","localhost","localhost","localhost","https://vangoghmuseum.nl/en/collection/s0103V1962","localhost","https://vangoghmuseum.nl/en/collection?Genre=figure (representation)","localhost","https://vangoghmuseum.nl/en/collection?Type=painting","localhost","https://vangoghmuseum.nl/en/collection?Genre=still life","https://vangoghmuseum.nl/en/collection?Genre=nude","localhost","localhost","https://vangoghmuseum.nl/en/collection/s0202V1962","https://vangoghmuseum.nl/en/collection/s0102V1962","localhost","localhost","localhost","localhost","localhost","localhost","localhost","localhost","localhost","localhost","localhost","localhost","localhost","localhost","https://vangoghmuseum.nl/en/collection?Date=1886","localhost","localhost","localhost","localhost","https://vangoghmuseum.nl/en/collection?Place=Paris","localhost","localhost"
"s0058V1962","F0161","JH0788","Woman with a Mourning Shawl","45.5 cm x 33.0 cm, 60 cm x 48 cm","Nuenen","March-May 1885","Van Gogh Museum, Amsterdam (Vincent van Gogh Foundation)","oil on canvas","Data\Img\s0058V1962\vangoghmuseum-s0058V1962-800-rgb.jpg","Data\Img\s0058V1962\vangoghmuseum-s0058V1962-800-bw.jpg","[800, 570, 3]","[800, 570]","https://vangoghmuseum.nl/en/collection?Genre=heads","localhost","localhost","localhost","localhost","localhost","localhost","localhost","localhost","localhost","localhost","localhost","localhost","localhost","localhost","localhost","localhost","localhost","localhost","https://vangoghmuseum.nl/en/collection?Genre=figure (representation)","localhost","https://vangoghmuseum.nl/en/collection?Type=painting","localhost","localhost","localhost","localhost","localhost","localhost","localhost","localhost","localhost","localhost","localhost","localhost","localhost","https://www.vangoghmuseum.nl/en/collection/d0024V1962","localhost","localhost","localhost","localhost","localhost","localhost","https://vangoghmuseum.nl/en/collection?Date=1885","localhost","localhost","localhost","https://vangoghmuseum.nl/en/collection?Place=Nuenen","localhost","localhost","localhost","localhost"
"s0059V1962","F0206","JH0972","Head of a Prostitute","35.2 cm x 24.4 cm, 52.9 cm x 41.9 cm","Antwerp","December 1885","Van Gogh Museum, Amsterdam (Vincent van Gogh Foundation)","oil on canvas","Data\Img\s0059V1962\vangoghmuseum-s0059V1962-800-rgb.jpg","Data\Img\s0059V1962\vangoghmuseum-s0059V1962-800-bw.jpg","[800, 547, 3]","[800, 547]","https://vangoghmuseum.nl/en/collection?Genre=heads","localhost","localhost","localhost","localhost","localhost","localhost","localhost","localhost","localhost","localhost","localhost","localhost","localhost","localhost","localhost","localhost","localhost","localhost","https://vangoghmuseum.nl/en/collection?Genre=figure (representation)","localhost","https://vangoghmuseum.nl/en/collection?Type=painting","localhost","localhost","localhost","localhost","localhost","localhost","localhost","https://vangoghmuseum.nl/en/collection/s0143V1962","localhost","localhost","localhost","localhost","localhost","localhost","localhost","localhost","localhost","localhost","localhost","localhost","https://vangoghmuseum.nl/en/collection?Date=1885","localhost","localhost","localhost","localhost","https://vangoghmuseum.nl/en/collection?Place=Antwerp","localhost","localhost","localhost"
"s0061V1962","F0205","JH0971","Portrait of an Old Man","44.4 cm x 33.7 cm, 58.6 cm x 48.5 cm","Antwerp","December 1885","Van Gogh Museum, Amsterdam (Vincent van Gogh Foundation)","oil on canvas","Data\Img\s0061V1962\vangoghmuseum-s0061V1962-800-rgb.jpg","Data\Img\s0061V1962\vangoghmuseum-s0061V1962-800-bw.jpg","[800, 610, 3]","[800, 610]","localhost","localhost","localhost","localhost","localhost","localhost","localhost","localhost","https://vangoghmuseum.nl/en/collection/d0041V1971","localhost","localhost","localhost","localhost","localhost","localhost","localhost","localhost","localhost","localhost","localhost","localhost","https://vangoghmuseum.nl/en/collection?Type=painting","https://vangoghmuseum.nl/en/collection?Genre=portrait","localhost","localhost","localhost","localhost","localhost","localhost","localhost","localhost","localhost","localhost","http://vangoghletters.org/vg/letters/let546/letter.html","localhost","localhost","localhost","localhost","localhost","localhost","localhost","localhost","https://vangoghmuseum.nl/en/collection?Date=1885","localhost","localhost","localhost","localhost","https://vangoghmuseum.nl/en/collection?Place=Antwerp","localhost","localhost","localhost"
"s0062V1962","F0080a","JH0682","Head of a Woman","42.2 cm x 34.8 cm, 58.5 cm x 51 cm","Nuenen","March 1885","Van Gogh Museum, Amsterdam (Vincent van Gogh Foundation)","oil on canvas on triplex","Data\Img\s0062V1962\vangoghmuseum-s0062V1962-800-rgb.jpg","Data\Img\s0062V1962\vangoghmuseum-s0062V1962-800-bw.jpg","[800, 664, 3]","[800, 664]","https://vangoghmuseum.nl/en/collection?Genre=heads","https://vangoghmuseum.nl/en/collection/s0072V1962","https://vangoghmuseum.nl/en/collection/s0069V1962","https://vangoghmuseum.nl/en/collection/s0139V1962","https://vangoghmuseum.nl/en/collection/s0006V1962","https://vangoghmuseum.nl/en/collection/s0084V1962","localhost","localhost","localhost","localhost","localhost","localhost","localhost","localhost","localhost","localhost","localhost","localhost","localhost","https://vangoghmuseum.nl/en/collection?Genre=figure (representation)","localhost","https://vangoghmuseum.nl/en/collection?Type=painting","localhost","localhost","localhost","localhost","localhost","localhost","localhost","localhost","localhost","localhost","localhost","localhost","localhost","localhost","localhost","localhost","localhost","localhost","localhost","localhost","https://vangoghmuseum.nl/en/collection?Date=1885","localhost","localhost","localhost","https://vangoghmuseum.nl/en/collection?Place=Nuenen","localhost","localhost","localhost","localhost"
"s0068V1962r","F0179r","JH0786","Head of a Man","42.5 cm x 32.1 cm, 49 cm x 38.6 cm","Nuenen","March-May 1885","Van Gogh Museum, Amsterdam (Vincent van Gogh Foundation)","oil on canvas","Data\Img\s0068V1962r\vangoghmuseum-s0068V1962r-800-rgb.jpg","Data\Img\s0068V1962r\vangoghmuseum-s0068V1962r-800-bw.jpg","[800, 606, 3]","[800, 606]","https://vangoghmuseum.nl/en/collection?Genre=heads","localhost","localhost","localhost","localhost","localhost","localhost","localhost","localhost","localhost","localhost","localhost","localhost","localhost","localhost","localhost","localhost","localhost","localhost","https://vangoghmuseum.nl/en/collection?Genre=figure (representation)","localhost","https://vangoghmuseum.nl/en/collection?Type=painting","localhost","localhost","localhost","localhost","localhost","localhost","localhost","localhost","localhost","localhost","localhost","localhost","localhost","localhost","localhost","localhost","localhost","localhost","localhost","localhost","https://vangoghmuseum.nl/en/collection?Date=1885","localhost","localhost","localhost","https://vangoghmuseum.nl/en/collection?Place=Nuenen","localhost","localhost","localhost","localhost"
"s0069V1962","F0164","JH0558","Head of a Man","37.7 cm x 29.5 cm, 53.6 cm x 45.5 cm","Nuenen","November 1884-February 1885","Van Gogh Museum, Amsterdam (Vincent van Gogh Foundation)","oil on canvas","Data\Img\s0069V1962\vangoghmuseum-s0069V1962-800-rgb.jpg","Data\Img\s0069V1962\vangoghmuseum-s0069V1962-800-bw.jpg","[800, 626, 3]","[800, 626]","https://vangoghmuseum.nl/en/collection?Genre=heads","https://vangoghmuseum.nl/en/collection/s0072V1962","localhost","https://vangoghmuseum.nl/en/collection/s0139V1962","https://vangoghmuseum.nl/en/collection/s0006V1962","https://vangoghmuseum.nl/en/collection/s0062V1962","https://vangoghmuseum.nl/en/collection/s0084V1962","localhost","localhost","localhost","localhost","localhost","localhost","localhost","localhost","localhost","localhost","localhost","localhost","https://vangoghmuseum.nl/en/collection?Genre=figure (representation)","localhost","https://vangoghmuseum.nl/en/collection?Type=painting","localhost","localhost","localhost","localhost","localhost","localhost","localhost","localhost","localhost","localhost","localhost","localhost","localhost","localhost","localhost","localhost","localhost","localhost","localhost","https://vangoghmuseum.nl/en/collection?Date=1884","https://vangoghmuseum.nl/en/collection?Date=1885","localhost","localhost","localhost","https://vangoghmuseum.nl/en/collection?Place=Nuenen","localhost","localhost","localhost","localhost"
"s0072V1962","F0156","JH0569","Head of a Woman","42.0 cm x 33.3 cm, 58.5 cm x 50 cm","Nuenen","November 1884-January 1885","Van Gogh Museum, Amsterdam (Vincent van Gogh Foundation)","oil on canvas","Data\Img\s0072V1962\vangoghmuseum-s0072V1962-800-rgb.jpg","Data\Img\s0072V1962\vangoghmuseum-s0072V1962-800-bw.jpg","[800, 641, 3]","[800, 641]","https://vangoghmuseum.nl/en/collection?Genre=heads","https://vangoghmuseum.nl/en/collection/d0267V1971","https://vangoghmuseum.nl/en/collection/s0069V1962","https://vangoghmuseum.nl/en/collection/s0139V1962","https://vangoghmuseum.nl/en/collection/s0006V1962","https://vangoghmuseum.nl/en/collection/s0062V1962","https://vangoghmuseum.nl/en/collection/s0084V1962","localhost","localhost","localhost","localhost","localhost","localhost","localhost","localhost","localhost","localhost","localhost","localhost","https://vangoghmuseum.nl/en/collection?Genre=figure (representation)","localhost","https://vangoghmuseum.nl/en/collection?Type=painting","localhost","localhost","localhost","localhost","localhost","localhost","localhost","localhost","localhost","localhost","localhost","localhost","localhost","localhost","localhost","localhost","localhost","localhost","localhost","https://vangoghmuseum.nl/en/collection?Date=1884","https://vangoghmuseum.nl/en/collection?Date=1885","localhost","localhost","localhost","https://vangoghmuseum.nl/en/collection?Place=Nuenen","localhost","localhost","localhost","localhost"
"s0075V1962","F0216i","JH1072","Plaster Cast of a Womans Torso","32.9 cm x 24.0 cm, 41.7 cm x 33.1 cm","Paris","February-March 1887","Van Gogh Museum, Amsterdam (Vincent van Gogh Foundation)","oil on cardboard","Data\Img\s0075V1962\vangoghmuseum-s0075V1962-800-rgb.jpg","Data\Img\s0075V1962\vangoghmuseum-s0075V1962-800-bw.jpg","[800, 573, 3]","[800, 573]","localhost","localhost","localhost","localhost","localhost","localhost","localhost","localhost","localhost","localhost","localhost","localhost","localhost","localhost","localhost","https://vangoghmuseum.nl/en/collection/s0199V1962","https://vangoghmuseum.nl/en/collection/s0200V1962","localhost","localhost","https://vangoghmuseum.nl/en/collection?Genre=figure (representation)","localhost","https://vangoghmuseum.nl/en/collection?Type=painting","localhost","https://vangoghmuseum.nl/en/collection?Genre=still life","https://vangoghmuseum.nl/en/collection?Genre=nude","localhost","localhost","localhost","localhost","localhost","localhost","localhost","localhost","localhost","localhost","localhost","localhost","localhost","localhost","localhost","localhost","localhost","localhost","localhost","https://vangoghmuseum.nl/en/collection?Date=1887","localhost","localhost","localhost","https://vangoghmuseum.nl/en/collection?Place=Paris","localhost","localhost"
"s0084V1962","F0069","JH0724","Head of a Woman","43.8 cm x 30.0 cm, 60 cm x 46 cm","Nuenen","March-May 1885","Van Gogh Museum, Amsterdam (Vincent van Gogh Foundation)","oil on canvas","Data\Img\s0084V1962\vangoghmuseum-s0084V1962-800-rgb.jpg","Data\Img\s0084V1962\vangoghmuseum-s0084V1962-800-bw.jpg","[800, 545, 3]","[800, 545]","https://vangoghmuseum.nl/en/collection?Genre=heads","https://vangoghmuseum.nl/en/collection/s0072V1962","https://vangoghmuseum.nl/en/collection/s0069V1962","https://vangoghmuseum.nl/en/collection/s0139V1962","https://vangoghmuseum.nl/en/collection/s0006V1962","https://vangoghmuseum.nl/en/collection/s0062V1962","localhost","localhost","localhost","localhost","localhost","localhost","localhost","localhost","localhost","localhost","localhost","localhost","localhost","https://vangoghmuseum.nl/en/collection?Genre=figure (representation)","localhost","https://vangoghmuseum.nl/en/collection?Type=painting","localhost","localhost","localhost","localhost","localhost","localhost","localhost","localhost","localhost","localhost","localhost","localhost","localhost","localhost","localhost","localhost","localhost","localhost","localhost","localhost","https://vangoghmuseum.nl/en/collection?Date=1885","localhost","localhost","localhost","https://vangoghmuseum.nl/en/collection?Place=Nuenen","localhost","localhost","localhost","localhost"
"s0089V1962","F0216b","JH1060","Torso of Venus","46.4 cm x 38.1 cm, 55.1 cm x 46.8 cm","Paris","June 1886","Van Gogh Museum, Amsterdam (Vincent van Gogh Foundation)","oil on cardboard","Data\Img\s0089V1962\vangoghmuseum-s0089V1962-800-rgb.jpg","Data\Img\s0089V1962\vangoghmuseum-s0089V1962-800-bw.jpg","[800, 646, 3]","[800, 646]","localhost","localhost","localhost","localhost","localhost","localhost","localhost","localhost","localhost","https://vangoghmuseum.nl/en/collection/s0101V1962","https://vangoghmuseum.nl/en/collection/s0201V1962","https://vangoghmuseum.nl/en/collection/s0056V1962","localhost","localhost","https://www.vangoghmuseum.nl/en/collection/s0201V1962","localhost","localhost","https://vangoghmuseum.nl/en/collection/s0103V1962","localhost","https://vangoghmuseum.nl/en/collection?Genre=figure (representation)","localhost","https://vangoghmuseum.nl/en/collection?Type=painting","localhost","https://vangoghmuseum.nl/en/collection?Genre=still life","https://vangoghmuseum.nl/en/collection?Genre=nude","localhost","localhost","https://vangoghmuseum.nl/en/collection/s0202V1962","https://vangoghmuseum.nl/en/collection/s0102V1962","localhost","localhost","localhost","localhost","localhost","localhost","localhost","localhost","localhost","localhost","localhost","localhost","localhost","localhost","https://vangoghmuseum.nl/en/collection?Date=1886","localhost","localhost","localhost","localhost","https://vangoghmuseum.nl/en/collection?Place=Paris","localhost","localhost"
"s0097V1962r","F0269r","JH0725","Head of a Woman","42.2 cm x 34.5 cm","Nuenen","March-May 1885","Van Gogh Museum, Amsterdam (Vincent van Gogh Foundation)","oil on canvas","Data\Img\s0097V1962r\vangoghmuseum-s0097V1962r-800-rgb.jpg","Data\Img\s0097V1962r\vangoghmuseum-s0097V1962r-800-bw.jpg","[800, 635, 3]","[800, 635]","https://vangoghmuseum.nl/en/collection?Genre=heads","localhost","localhost","localhost","localhost","localhost","localhost","localhost","localhost","localhost","localhost","localhost","localhost","localhost","localhost","localhost","localhost","localhost","localhost","https://vangoghmuseum.nl/en/collection?Genre=figure (representation)","localhost","https://vangoghmuseum.nl/en/collection?Type=painting","localhost","localhost","localhost","localhost","localhost","localhost","localhost","localhost","localhost","localhost","localhost","localhost","localhost","localhost","localhost","localhost","localhost","localhost","localhost","localhost","https://vangoghmuseum.nl/en/collection?Date=1885","localhost","localhost","localhost","https://vangoghmuseum.nl/en/collection?Place=Nuenen","localhost","localhost","localhost","localhost"
"s0101V1962","F0216d","JH1071","Torso of Venus","35.3 cm x 27.1 cm, 43.5 cm x 35.5 cm","Paris","June 1886","Van Gogh Museum, Amsterdam (Vincent van Gogh Foundation)","oil on cardboard","Data\Img\s0101V1962\vangoghmuseum-s0101V1962-800-rgb.jpg","Data\Img\s0101V1962\vangoghmuseum-s0101V1962-800-bw.jpg","[800, 613, 3]","[800, 613]","localhost","localhost","localhost","localhost","localhost","localhost","localhost","localhost","localhost","https://vangoghmuseum.nl/en/collection/s0056V1962","https://vangoghmuseum.nl/en/collection/s0089V1962","https://vangoghmuseum.nl/en/collection/s0201V1962","localhost","localhost","localhost","localhost","localhost","https://vangoghmuseum.nl/en/collection/s0103V1962","localhost","https://vangoghmuseum.nl/en/collection?Genre=figure (representation)","localhost","https://vangoghmuseum.nl/en/collection?Type=painting","localhost","https://vangoghmuseum.nl/en/collection?Genre=still life","https://vangoghmuseum.nl/en/collection?Genre=nude","localhost","localhost","https://vangoghmuseum.nl/en/collection/s0202V1962","https://vangoghmuseum.nl/en/collection/s0102V1962","localhost","localhost","localhost","localhost","localhost","localhost","localhost","localhost","localhost","localhost","localhost","localhost","localhost","localhost","https://vangoghmuseum.nl/en/collection?Date=1886","localhost","localhost","localhost","localhost","https://vangoghmuseum.nl/en/collection?Place=Paris","localhost","localhost"
"s0102V1962","F0216f","JH1076","Kneeling Ecorche","35.2 cm x 26.8 cm, 44 cm x 36 cm","Paris","June 1886","Van Gogh Museum, Amsterdam (Vincent van Gogh Foundation)","oil on cardboard","Data\Img\s0102V1962\vangoghmuseum-s0102V1962-800-rgb.jpg","Data\Img\s0102V1962\vangoghmuseum-s0102V1962-800-bw.jpg","[800, 602, 3]","[800, 602]","localhost","localhost","localhost","localhost","localhost","localhost","localhost","localhost","localhost","https://vangoghmuseum.nl/en/collection/s0056V1962","https://vangoghmuseum.nl/en/collection/s0089V1962","https://vangoghmuseum.nl/en/collection/s0101V1962","https://vangoghmuseum.nl/en/collection/s0201V1962","localhost","localhost","localhost","localhost","https://vangoghmuseum.nl/en/collection/s0103V1962","localhost","https://vangoghmuseum.nl/en/collection?Genre=figure (representation)","localhost","https://vangoghmuseum.nl/en/collection?Type=painting","localhost","https://vangoghmuseum.nl/en/collection?Genre=still life","https://vangoghmuseum.nl/en/collection?Genre=nude","localhost","localhost","https://vangoghmuseum.nl/en/collection/s0202V1962","localhost","localhost","localhost","localhost","localhost","localhost","localhost","localhost","localhost","localhost","localhost","localhost","localhost","localhost","localhost","https://vangoghmuseum.nl/en/collection?Date=1886","localhost","localhost","localhost","localhost","https://vangoghmuseum.nl/en/collection?Place=Paris","localhost","localhost"
"s0103V1962","F0216e","JH1078","Male Torso","35.0 cm x 27.0 cm, 44 cm x 36 cm","Paris","June 1886","Van Gogh Museum, Amsterdam (Vincent van Gogh Foundation)","oil on cardboard","Data\Img\s0103V1962\vangoghmuseum-s0103V1962-800-rgb.jpg","Data\Img\s0103V1962\vangoghmuseum-s0103V1962-800-bw.jpg","[800, 611, 3]","[800, 611]","localhost","localhost","localhost","localhost","localhost","localhost","localhost","localhost","localhost","https://vangoghmuseum.nl/en/collection/s0056V1962","https://vangoghmuseum.nl/en/collection/s0089V1962","https://vangoghmuseum.nl/en/collection/s0101V1962","https://vangoghmuseum.nl/en/collection/s0201V1962","localhost","localhost","localhost","localhost","localhost","localhost","https://vangoghmuseum.nl/en/collection?Genre=figure (representation)","localhost","https://vangoghmuseum.nl/en/collection?Type=painting","localhost","https://vangoghmuseum.nl/en/collection?Genre=still life","https://vangoghmuseum.nl/en/collection?Genre=nude","localhost","localhost","https://vangoghmuseum.nl/en/collection/s0202V1962","https://vangoghmuseum.nl/en/collection/s0102V1962","localhost","localhost","localhost","localhost","localhost","localhost","localhost","localhost","localhost","localhost","localhost","localhost","localhost","localhost","https://vangoghmuseum.nl/en/collection?Date=1886","localhost","localhost","localhost","localhost","https://vangoghmuseum.nl/en/collection?Place=Paris","localhost","localhost"
"s0132V1962","F0070a","JH0716","Head of a Woman","38.8 cm x 31.3 cm, 54 cm x 46 cm","Nuenen","March 1885","Van Gogh Museum, Amsterdam (Vincent van Gogh Foundation)","oil on canvas","Data\Img\s0132V1962\vangoghmuseum-s0132V1962-800-rgb.jpg","Data\Img\s0132V1962\vangoghmuseum-s0132V1962-800-bw.jpg","[800, 641, 3]","[800, 641]","https://vangoghmuseum.nl/en/collection?Genre=heads","localhost","localhost","localhost","localhost","localhost","localhost","localhost","localhost","localhost","localhost","localhost","localhost","localhost","localhost","localhost","localhost","localhost","localhost","https://vangoghmuseum.nl/en/collection?Genre=figure (representation)","localhost","https://vangoghmuseum.nl/en/collection?Type=painting","localhost","localhost","localhost","localhost","localhost","localhost","localhost","localhost","https://vangoghmuseum.nl/en/collection/s0007V1962","localhost","localhost","localhost","localhost","localhost","localhost","localhost","localhost","localhost","localhost","localhost","https://vangoghmuseum.nl/en/collection?Date=1885","localhost","localhost","localhost","https://vangoghmuseum.nl/en/collection?Place=Nuenen","localhost","localhost","localhost","localhost"
"s0139V1962","F0130","JH0692","Head of a Woman","42.7 cm x 33.5 cm, 57.6 cm x 48.3 cm","Nuenen","March 1885","Van Gogh Museum, Amsterdam (Vincent van Gogh Foundation)","oil on canvas","Data\Img\s0139V1962\vangoghmuseum-s0139V1962-800-rgb.jpg","Data\Img\s0139V1962\vangoghmuseum-s0139V1962-800-bw.jpg","[800, 620, 3]","[800, 620]","https://vangoghmuseum.nl/en/collection?Genre=heads","https://vangoghmuseum.nl/en/collection/s0072V1962","https://vangoghmuseum.nl/en/collection/s0069V1962","https://vangoghmuseum.nl/en/collection/s0006V1962","https://vangoghmuseum.nl/en/collection/s0062V1962","https://vangoghmuseum.nl/en/collection/s0084V1962","localhost","localhost","localhost","localhost","localhost","localhost","localhost","localhost","localhost","localhost","localhost","localhost","localhost","https://vangoghmuseum.nl/en/collection?Genre=figure (representation)","localhost","https://vangoghmuseum.nl/en/collection?Type=painting","localhost","localhost","localhost","localhost","localhost","localhost","localhost","localhost","localhost","https://www.vangoghmuseum.nl/en/collection/s0005V1962","https://vangoghmuseum.nl/en/collection/b0435V1962","localhost","http://www.vangoghletters.org/vg/letters/let478/letter.html","localhost","localhost","localhost","localhost","localhost","localhost","localhost","https://vangoghmuseum.nl/en/collection?Date=1885","localhost","localhost","localhost","https://vangoghmuseum.nl/en/collection?Place=Nuenen","localhost","localhost","localhost","localhost"
"s0143V1962","F0207a","JH1204","Portrait of a Prostitute","46.3 cm x 38.5 cm, 66.4 cm x 58.1 cm","Antwerp","December 1885","Van Gogh Museum, Amsterdam (Vincent van Gogh Foundation)","oil on canvas","Data\Img\s0143V1962\vangoghmuseum-s0143V1962-800-rgb.jpg","Data\Img\s0143V1962\vangoghmuseum-s0143V1962-800-bw.jpg","[800, 659, 3]","[800, 659]","localhost","localhost","localhost","localhost","localhost","localhost","localhost","https://vangoghmuseum.nl/en/collection/s0059V1962","localhost","localhost","localhost","localhost","localhost","localhost","localhost","localhost","localhost","localhost","localhost","localhost","localhost","https://vangoghmuseum.nl/en/collection?Type=painting","https://vangoghmuseum.nl/en/collection?Genre=portrait","localhost","localhost","localhost","localhost","localhost","localhost","localhost","localhost","localhost","localhost","localhost","localhost","localhost","localhost","localhost","localhost","localhost","localhost","localhost","https://vangoghmuseum.nl/en/collection?Date=1885","localhost","localhost","localhost","localhost","https://vangoghmuseum.nl/en/collection?Place=Antwerp","localhost","localhost","localhost"
"s0199V1962","F0216g","JH1055","Plaster Cast of a Womans Torso","40.8 cm x 27.1 cm, 49.1 cm x 35.5 cm","Paris","February-March 1887","Van Gogh Museum, Amsterdam (Vincent van Gogh Foundation)","oil on canvas","Data\Img\s0199V1962\vangoghmuseum-s0199V1962-800-rgb.jpg","Data\Img\s0199V1962\vangoghmuseum-s0199V1962-800-bw.jpg","[800, 523, 3]","[800, 523]","localhost","localhost","localhost","localhost","localhost","localhost","localhost","localhost","localhost","localhost","localhost","localhost","localhost","localhost","localhost","https://vangoghmuseum.nl/en/collection/s0075V1962","https://vangoghmuseum.nl/en/collection/s0200V1962","localhost","localhost","https://vangoghmuseum.nl/en/collection?Genre=figure (representation)","localhost","https://vangoghmuseum.nl/en/collection?Type=painting","localhost","https://vangoghmuseum.nl/en/collection?Genre=still life","https://vangoghmuseum.nl/en/collection?Genre=nude","localhost","localhost","localhost","localhost","localhost","localhost","localhost","localhost","localhost","localhost","localhost","localhost","localhost","localhost","localhost","localhost","localhost","localhost","localhost","https://vangoghmuseum.nl/en/collection?Date=1887","localhost","localhost","localhost","https://vangoghmuseum.nl/en/collection?Place=Paris","localhost","localhost"
"s0200V1962","F0216h","JH1058","Plaster Cast of a Womans Torso","41.0 cm x 32.7 cm, 49.6 cm x 41.6 cm","Paris","February-March 1887","Van Gogh Museum, Amsterdam (Vincent van Gogh Foundation)","oil on canvas","Data\Img\s0200V1962\vangoghmuseum-s0200V1962-800-rgb.jpg","Data\Img\s0200V1962\vangoghmuseum-s0200V1962-800-bw.jpg","[800, 636, 3]","[800, 636]","localhost","localhost","localhost","localhost","localhost","localhost","localhost","localhost","localhost","localhost","localhost","localhost","localhost","localhost","localhost","https://vangoghmuseum.nl/en/collection/s0075V1962","https://vangoghmuseum.nl/en/collection/s0199V1962","localhost","localhost","https://vangoghmuseum.nl/en/collection?Genre=figure (representation)","localhost","https://vangoghmuseum.nl/en/collection?Type=painting","localhost","https://vangoghmuseum.nl/en/collection?Genre=still life","https://vangoghmuseum.nl/en/collection?Genre=nude","localhost","localhost","localhost","localhost","localhost","localhost","localhost","localhost","localhost","localhost","localhost","localhost","localhost","localhost","localhost","localhost","localhost","localhost","localhost","https://vangoghmuseum.nl/en/collection?Date=1887","localhost","localhost","localhost","https://vangoghmuseum.nl/en/collection?Place=Paris","localhost","localhost"
"s0201V1962","F0216j","JH1059","Torso of Venus","35.3 cm x 27.2 cm, 44.0 cm x 36.0 cm","Paris","June 1886","Van Gogh Museum, Amsterdam (Vincent van Gogh Foundation)","oil on cardboard","Data\Img\s0201V1962\vangoghmuseum-s0201V1962-800-rgb.jpg","Data\Img\s0201V1962\vangoghmuseum-s0201V1962-800-bw.jpg","[800, 609, 3]","[800, 609]","localhost","localhost","localhost","localhost","localhost","localhost","localhost","localhost","localhost","https://vangoghmuseum.nl/en/collection/s0056V1962","https://vangoghmuseum.nl/en/collection/s0089V1962","https://vangoghmuseum.nl/en/collection/s0101V1962","localhost","localhost","localhost","localhost","localhost","https://vangoghmuseum.nl/en/collection/s0103V1962","localhost","https://vangoghmuseum.nl/en/collection?Genre=figure (representation)","localhost","https://vangoghmuseum.nl/en/collection?Type=painting","localhost","https://vangoghmuseum.nl/en/collection?Genre=still life","https://vangoghmuseum.nl/en/collection?Genre=nude","localhost","localhost","https://vangoghmuseum.nl/en/collection/s0202V1962","https://vangoghmuseum.nl/en/collection/s0102V1962","localhost","localhost","localhost","localhost","localhost","localhost","localhost","localhost","https://www.vangoghmuseum.nl/en/collection/s0089V1962","https://www.vangoghmuseum.nl/en/collection/s0032V1962","localhost","localhost","localhost","localhost","https://vangoghmuseum.nl/en/collection?Date=1886","localhost","localhost","localhost","localhost","https://vangoghmuseum.nl/en/collection?Place=Paris","localhost","localhost"
"s0202V1962","F0216c","JH1082","Horse","33.1 cm x 40.9 cm, 41.5 cm x 49.7 cm","Paris","June 1886","Van Gogh Museum, Amsterdam (Vincent van Gogh Foundation)","oil on cardboard","Data\Img\s0202V1962\vangoghmuseum-s0202V1962-800-rgb.jpg","Data\Img\s0202V1962\vangoghmuseum-s0202V1962-800-bw.jpg","[644, 800, 3]","[644, 800]","localhost","localhost","localhost","localhost","localhost","localhost","localhost","localhost","localhost","https://vangoghmuseum.nl/en/collection/s0056V1962","https://vangoghmuseum.nl/en/collection/s0089V1962","https://vangoghmuseum.nl/en/collection/s0101V1962","https://vangoghmuseum.nl/en/collection/s0201V1962","localhost","localhost","localhost","localhost","https://vangoghmuseum.nl/en/collection/s0103V1962","localhost","localhost","localhost","https://vangoghmuseum.nl/en/collection?Type=painting","localhost","https://vangoghmuseum.nl/en/collection?Genre=still life","localhost","localhost","https://vangoghmuseum.nl/en/collection?Genre=animal art","localhost","https://vangoghmuseum.nl/en/collection/s0102V1962","localhost","localhost","localhost","localhost","localhost","localhost","localhost","localhost","localhost","localhost","localhost","localhost","localhost","localhost","https://vangoghmuseum.nl/en/collection?Date=1886","localhost","localhost","localhost","localhost","https://vangoghmuseum.nl/en/collection?Place=Paris","localhost","localhost"
"s0343V1966","F0159","NA00000","Head of a Woman","47.8 cm x 34.8 cm, 62 cm x 49 cm","Nuenen","November 1884-May 1885","Van Gogh Museum, Amsterdam (Vincent van Gogh Foundation)","oil on canvas on panel","Data\Img\s0343V1966\vangoghmuseum-s0343V1966-800-rgb.jpg","Data\Img\s0343V1966\vangoghmuseum-s0343V1966-800-bw.jpg","[800, 570, 3]","[800, 570]","https://vangoghmuseum.nl/en/collection?Genre=heads","localhost","localhost","localhost","localhost","localhost","localhost","localhost","localhost","localhost","localhost","localhost","localhost","localhost","localhost","localhost","localhost","localhost","localhost","https://vangoghmuseum.nl/en/collection?Genre=figure (representation)","localhost","https://vangoghmuseum.nl/en/collection?Type=painting","localhost","localhost","localhost","localhost","localhost","localhost","localhost","localhost","localhost","localhost","localhost","localhost","localhost","localhost","localhost","localhost","localhost","localhost","localhost","https://vangoghmuseum.nl/en/collection?Date=1884","https://vangoghmuseum.nl/en/collection?Date=1885","localhost","localhost","localhost","https://vangoghmuseum.nl/en/collection?Place=Nuenen","localhost","localhost","localhost","localhost"
"d0012V1962r","F1366r","JH1039","Studies of a Seated Girl, LEcorche and Venus","47.5 cm x 62.0 cm","Paris","March-May 1886","Van Gogh Museum, Amsterdam (Vincent van Gogh Foundation)","chalk on paper","Data\Img\d0012V1962r\vangoghmuseum-d0012V1962r-800-rgb.jpg","Data\Img\d0012V1962r\vangoghmuseum-d0012V1962r-800-bw.jpg","[620, 800, 3]","[620, 800]","localhost","localhost","localhost","localhost","localhost","localhost","localhost","localhost","localhost","localhost","localhost","localhost","localhost","localhost","localhost","localhost","localhost","localhost","https://vangoghmuseum.nl/en/collection?Type=drawing","https://vangoghmuseum.nl/en/collection?Genre=figure (representation)","localhost","localhost","localhost","https://vangoghmuseum.nl/en/collection?Genre=still life","https://vangoghmuseum.nl/en/collection?Genre=nude","localhost","localhost","localhost","localhost","localhost","localhost","localhost","localhost","localhost","localhost","localhost","localhost","localhost","localhost","localhost","localhost","localhost","localhost","https://vangoghmuseum.nl/en/collection?Date=1886","localhost","localhost","localhost","localhost","https://vangoghmuseum.nl/en/collection?Place=Paris","localhost","localhost"
"d0012V1962v","F1366v","JH1044","Seated Girl and Venus","47.5 cm x 62.0 cm","Paris","March-May 1886","Van Gogh Museum, Amsterdam (Vincent van Gogh Foundation)","chalk on paper","Data\Img\d0012V1962v\vangoghmuseum-d0012V1962v-800-rgb.jpg","Data\Img\d0012V1962v\vangoghmuseum-d0012V1962v-800-bw.jpg","[611, 800, 3]","[611, 800]","localhost","localhost","localhost","localhost","localhost","localhost","localhost","localhost","localhost","localhost","localhost","localhost","localhost","localhost","localhost","localhost","localhost","localhost","https://vangoghmuseum.nl/en/collection?Type=drawing","https://vangoghmuseum.nl/en/collection?Genre=figure (representation)","localhost","localhost","localhost","https://vangoghmuseum.nl/en/collection?Genre=still life","https://vangoghmuseum.nl/en/collection?Genre=nude","localhost","localhost","localhost","localhost","localhost","localhost","localhost","localhost","localhost","localhost","localhost","localhost","localhost","localhost","localhost","localhost","localhost","localhost","https://vangoghmuseum.nl/en/collection?Date=1886","localhost","localhost","localhost","localhost","https://vangoghmuseum.nl/en/collection?Place=Paris","localhost","localhost"
"d0013V1962","F1364a","JH1041","Idol","47.7 cm x 30.5 cm","Paris","March-May 1886","Van Gogh Museum, Amsterdam (Vincent van Gogh Foundation)","charcoal, chalk, on paper","Data\Img\d0013V1962\vangoghmuseum-d0013V1962-800-rgb.jpg","Data\Img\d0013V1962\vangoghmuseum-d0013V1962-800-bw.jpg","[800, 529, 3]","[800, 529]","localhost","localhost","localhost","localhost","localhost","localhost","localhost","localhost","localhost","localhost","localhost","localhost","localhost","localhost","localhost","localhost","localhost","localhost","https://vangoghmuseum.nl/en/collection?Type=drawing","https://vangoghmuseum.nl/en/collection?Genre=figure (representation)","localhost","localhost","localhost","https://vangoghmuseum.nl/en/collection?Genre=still life","https://vangoghmuseum.nl/en/collection?Genre=nude","localhost","localhost","localhost","localhost","localhost","localhost","localhost","localhost","localhost","localhost","localhost","localhost","localhost","localhost","localhost","localhost","localhost","localhost","https://vangoghmuseum.nl/en/collection?Date=1886","localhost","localhost","localhost","localhost","https://vangoghmuseum.nl/en/collection?Place=Paris","localhost","localhost"
"d0014V1962r","F1364br","JH1046","Idol","47.7 cm x 31.3 cm","Paris","March-May 1886","Van Gogh Museum, Amsterdam (Vincent van Gogh Foundation)","charcoal, chalk, on paper","Data\Img\d0014V1962r\vangoghmuseum-d0014V1962r-800-rgb.jpg","Data\Img\d0014V1962r\vangoghmuseum-d0014V1962r-800-bw.jpg","[800, 514, 3]","[800, 514]","localhost","localhost","localhost","localhost","localhost","localhost","localhost","localhost","localhost","localhost","localhost","localhost","localhost","localhost","localhost","localhost","localhost","localhost","https://vangoghmuseum.nl/en/collection?Type=drawing","https://vangoghmuseum.nl/en/collection?Genre=figure (representation)","localhost","localhost","localhost","https://vangoghmuseum.nl/en/collection?Genre=still life","https://vangoghmuseum.nl/en/collection?Genre=nude","localhost","localhost","localhost","localhost","localhost","localhost","localhost","localhost","localhost","localhost","localhost","localhost","localhost","localhost","localhost","localhost","localhost","localhost","https://vangoghmuseum.nl/en/collection?Date=1886","localhost","localhost","localhost","localhost","https://vangoghmuseum.nl/en/collection?Place=Paris","localhost","localhost"
"d0014V1962v","F1364bv","JH1042","Idol","47.7 cm x 31.3 cm","Paris","March-May 1886","Van Gogh Museum, Amsterdam (Vincent van Gogh Foundation)","charcoal, chalk, on paper","Data\Img\d0014V1962v\vangoghmuseum-d0014V1962v-800-rgb.jpg","Data\Img\d0014V1962v\vangoghmuseum-d0014V1962v-800-bw.jpg","[800, 517, 3]","[800, 517]","localhost","localhost","localhost","localhost","localhost","localhost","localhost","localhost","localhost","localhost","localhost","localhost","localhost","localhost","localhost","localhost","localhost","localhost","https://vangoghmuseum.nl/en/collection?Type=drawing","https://vangoghmuseum.nl/en/collection?Genre=figure (representation)","localhost","localhost","localhost","https://vangoghmuseum.nl/en/collection?Genre=still life","https://vangoghmuseum.nl/en/collection?Genre=nude","localhost","localhost","localhost","localhost","localhost","localhost","localhost","localhost","localhost","localhost","localhost","localhost","localhost","localhost","localhost","localhost","localhost","localhost","https://vangoghmuseum.nl/en/collection?Date=1886","localhost","localhost","localhost","localhost","https://vangoghmuseum.nl/en/collection?Place=Paris","localhost","localhost"
"d0015V1962r","F1364dr","JH1047","Idol","47.5 cm x 30.8 cm","Paris","March-May 1886","Van Gogh Museum, Amsterdam (Vincent van Gogh Foundation)","charcoal, chalk, on paper","Data\Img\d0015V1962r\vangoghmuseum-d0015V1962r-800-rgb.jpg","Data\Img\d0015V1962r\vangoghmuseum-d0015V1962r-800-bw.jpg","[800, 513, 3]","[800, 513]","localhost","localhost","localhost","localhost","localhost","localhost","localhost","localhost","localhost","localhost","localhost","localhost","localhost","localhost","localhost","localhost","localhost","localhost","https://vangoghmuseum.nl/en/collection?Type=drawing","https://vangoghmuseum.nl/en/collection?Genre=figure (representation)","localhost","localhost","localhost","https://vangoghmuseum.nl/en/collection?Genre=still life","https://vangoghmuseum.nl/en/collection?Genre=nude","localhost","localhost","localhost","localhost","localhost","localhost","localhost","localhost","localhost","localhost","localhost","localhost","localhost","localhost","localhost","localhost","localhost","localhost","https://vangoghmuseum.nl/en/collection?Date=1886","localhost","localhost","localhost","localhost","https://vangoghmuseum.nl/en/collection?Place=Paris","localhost","localhost"
"d0015V1962v","F1364dv","JH1040","Idol","47.5 cm x 30.8 cm","Paris","March-May 1886","Van Gogh Museum, Amsterdam (Vincent van Gogh Foundation)","charcoal, chalk, on paper","Data\Img\d0015V1962v\vangoghmuseum-d0015V1962v-800-rgb.jpg","Data\Img\d0015V1962v\vangoghmuseum-d0015V1962v-800-bw.jpg","[800, 500, 3]","[800, 500]","localhost","localhost","localhost","localhost","localhost","localhost","localhost","localhost","localhost","localhost","localhost","localhost","localhost","localhost","localhost","localhost","localhost","localhost","https://vangoghmuseum.nl/en/collection?Type=drawing","https://vangoghmuseum.nl/en/collection?Genre=figure (representation)","localhost","localhost","localhost","https://vangoghmuseum.nl/en/collection?Genre=still life","https://vangoghmuseum.nl/en/collection?Genre=nude","localhost","localhost","localhost","localhost","localhost","localhost","localhost","localhost","localhost","localhost","localhost","localhost","localhost","localhost","localhost","localhost","localhost","localhost","https://vangoghmuseum.nl/en/collection?Date=1886","localhost","localhost","localhost","localhost","https://vangoghmuseum.nl/en/collection?Place=Paris","localhost","localhost"
"d0031V1962v","F1363av","JH1063","Torso of Venus","31.4 cm x 47.5 cm","Paris","March-May 1886","Van Gogh Museum, Amsterdam (Vincent van Gogh Foundation)","charcoal, chalk, on paper","Data\Img\d0031V1962v\vangoghmuseum-d0031V1962v-800-rgb.jpg","Data\Img\d0031V1962v\vangoghmuseum-d0031V1962v-800-bw.jpg","[800, 520, 3]","[800, 520]","localhost","localhost","localhost","localhost","localhost","localhost","localhost","localhost","localhost","localhost","localhost","localhost","localhost","localhost","localhost","localhost","localhost","localhost","https://vangoghmuseum.nl/en/collection?Type=drawing","https://vangoghmuseum.nl/en/collection?Genre=figure (representation)","localhost","localhost","localhost","https://vangoghmuseum.nl/en/collection?Genre=still life","https://vangoghmuseum.nl/en/collection?Genre=nude","localhost","localhost","localhost","localhost","localhost","localhost","localhost","localhost","localhost","localhost","localhost","localhost","localhost","localhost","localhost","localhost","localhost","localhost","https://vangoghmuseum.nl/en/collection?Date=1886","localhost","localhost","localhost","localhost","https://vangoghmuseum.nl/en/collection?Place=Paris","localhost","localhost"
"d0034V1962r","F1363cr","JH1070","Torso of Venus","32.2 cm x 24.9 cm","Paris","1887","Van Gogh Museum, Amsterdam (Vincent van Gogh Foundation)","chalk, lithographic crayon, on paper","Data\Img\d0034V1962r\vangoghmuseum-d0034V1962r-800-rgb.jpg","Data\Img\d0034V1962r\vangoghmuseum-d0034V1962r-800-bw.jpg","[800, 600, 3]","[800, 600]","localhost","localhost","localhost","localhost","localhost","localhost","localhost","localhost","localhost","localhost","localhost","localhost","localhost","localhost","localhost","localhost","localhost","localhost","https://vangoghmuseum.nl/en/collection?Type=drawing","https://vangoghmuseum.nl/en/collection?Genre=figure (representation)","localhost","localhost","localhost","https://vangoghmuseum.nl/en/collection?Genre=still life","https://vangoghmuseum.nl/en/collection?Genre=nude","localhost","localhost","localhost","localhost","localhost","localhost","localhost","localhost","localhost","localhost","localhost","localhost","localhost","localhost","localhost","localhost","localhost","localhost","localhost","https://vangoghmuseum.nl/en/collection?Date=1887","localhost","localhost","localhost","https://vangoghmuseum.nl/en/collection?Place=Paris","localhost","localhost"
"d0036V1962r","F1363fr","JH1051","Venus in a Top Hat","38.3 cm x 19.8 cm","Paris","March-May 1886","Van Gogh Museum, Amsterdam (Vincent van Gogh Foundation)","chalk on paper","Data\Img\d0036V1962r\vangoghmuseum-d0036V1962r-800-rgb.jpg","Data\Img\d0036V1962r\vangoghmuseum-d0036V1962r-800-bw.jpg","[800, 397, 3]","[800, 397]","localhost","localhost","localhost","localhost","localhost","localhost","localhost","localhost","localhost","localhost","localhost","localhost","localhost","localhost","localhost","localhost","localhost","localhost","https://vangoghmuseum.nl/en/collection?Type=drawing","https://vangoghmuseum.nl/en/collection?Genre=figure (representation)","localhost","localhost","localhost","https://vangoghmuseum.nl/en/collection?Genre=still life","https://vangoghmuseum.nl/en/collection?Genre=nude","localhost","localhost","localhost","localhost","localhost","localhost","localhost","localhost","localhost","localhost","localhost","localhost","localhost","localhost","localhost","localhost","localhost","localhost","https://vangoghmuseum.nl/en/collection?Date=1886","localhost","localhost","localhost","localhost","https://vangoghmuseum.nl/en/collection?Place=Paris","localhost","localhost"
"d0036V1962v","F1363fv","JH1036","A Womans Legs","19.8 cm x 38.3 cm","Paris","March-May 1886","Van Gogh Museum, Amsterdam (Vincent van Gogh Foundation)","chalk on paper","Data\Img\d0036V1962v\vangoghmuseum-d0036V1962v-800-rgb.jpg","Data\Img\d0036V1962v\vangoghmuseum-d0036V1962v-800-bw.jpg","[403, 800, 3]","[403, 800]","localhost","localhost","localhost","localhost","localhost","localhost","localhost","localhost","localhost","localhost","localhost","localhost","localhost","localhost","localhost","localhost","localhost","localhost","https://vangoghmuseum.nl/en/collection?Type=drawing","https://vangoghmuseum.nl/en/collection?Genre=figure (representation)","localhost","localhost","localhost","localhost","https://vangoghmuseum.nl/en/collection?Genre=nude","localhost","localhost","localhost","localhost","localhost","localhost","localhost","localhost","localhost","localhost","localhost","localhost","localhost","localhost","localhost","localhost","localhost","localhost","https://vangoghmuseum.nl/en/collection?Date=1886","localhost","localhost","localhost","localhost","https://vangoghmuseum.nl/en/collection?Place=Paris","localhost","localhost"
"d0056V1962r","F1160r","JH1005","Arm","20.8 cm x 34.4 cm","Nuenen","December 1884-May 1885","Van Gogh Museum, Amsterdam (Vincent van Gogh Foundation)","chalk on paper","Data\Img\d0056V1962r\vangoghmuseum-d0056V1962r-800-rgb.jpg","Data\Img\d0056V1962r\vangoghmuseum-d0056V1962r-800-bw.jpg","[482, 800, 3]","[482, 800]","localhost","localhost","localhost","localhost","localhost","localhost","localhost","localhost","localhost","localhost","localhost","localhost","localhost","localhost","localhost","localhost","localhost","localhost","https://vangoghmuseum.nl/en/collection?Type=drawing","https://vangoghmuseum.nl/en/collection?Genre=figure (representation)","localhost","localhost","localhost","localhost","localhost","localhost","localhost","localhost","localhost","localhost","localhost","localhost","localhost","localhost","localhost","localhost","localhost","localhost","localhost","localhost","localhost","https://vangoghmuseum.nl/en/collection?Date=1884","https://vangoghmuseum.nl/en/collection?Date=1885","localhost","localhost","localhost","https://vangoghmuseum.nl/en/collection?Place=Nuenen","localhost","localhost","localhost","localhost"
"d0056V1962v","F1160v","JH1004","Arm","20.8 cm x 34.4 cm","Nuenen","December 1884-May 1885","Van Gogh Museum, Amsterdam (Vincent van Gogh Foundation)","chalk on paper","Data\Img\d0056V1962v\vangoghmuseum-d0056V1962v-800-rgb.jpg","Data\Img\d0056V1962v\vangoghmuseum-d0056V1962v-800-bw.jpg","[484, 800, 3]","[484, 800]","localhost","localhost","localhost","localhost","localhost","localhost","localhost","localhost","localhost","localhost","localhost","localhost","localhost","localhost","localhost","localhost","localhost","localhost","https://vangoghmuseum.nl/en/collection?Type=drawing","https://vangoghmuseum.nl/en/collection?Genre=figure (representation)","localhost","localhost","localhost","localhost","localhost","localhost","localhost","localhost","localhost","localhost","localhost","localhost","localhost","localhost","localhost","localhost","localhost","localhost","localhost","localhost","localhost","https://vangoghmuseum.nl/en/collection?Date=1884","https://vangoghmuseum.nl/en/collection?Date=1885","localhost","localhost","localhost","https://vangoghmuseum.nl/en/collection?Place=Nuenen","localhost","localhost","localhost","localhost"
"d0062V1962","F0000","JHadd04","Standing and Sitting Male Nude (after Bargue)","44.6 cm x 54.6 cm","Auvers-sur-Oise","June 1890","Van Gogh Museum, Amsterdam (Vincent van Gogh Foundation)","pencil on paper","Data\Img\d0062V1962\vangoghmuseum-d0062V1962-800-rgb.jpg","Data\Img\d0062V1962\vangoghmuseum-d0062V1962-800-bw.jpg","[644, 800, 3]","[644, 800]","localhost","localhost","localhost","localhost","localhost","localhost","localhost","localhost","localhost","localhost","localhost","localhost","localhost","localhost","localhost","localhost","localhost","localhost","https://vangoghmuseum.nl/en/collection?Type=drawing","https://vangoghmuseum.nl/en/collection?Genre=figure (representation)","localhost","localhost","localhost","localhost","https://vangoghmuseum.nl/en/collection?Genre=nude","localhost","localhost","localhost","localhost","localhost","localhost","localhost","localhost","localhost","localhost","localhost","localhost","localhost","localhost","localhost","localhost","localhost","localhost","localhost","localhost","https://vangoghmuseum.nl/en/collection?Date=1890","localhost","localhost","localhost","localhost","https://vangoghmuseum.nl/en/collection?Place=Auvers-sur-Oise"
"d0136V1962r","F1711r","JH1062","Torso of Venus","31.7 cm x 24.6 cm","Paris","1887","Van Gogh Museum, Amsterdam (Vincent van Gogh Foundation)","chalk on paper","Data\Img\d0136V1962r\vangoghmuseum-d0136V1962r-800-rgb.jpg","Data\Img\d0136V1962r\vangoghmuseum-d0136V1962r-800-bw.jpg","[800, 634, 3]","[800, 634]","localhost","localhost","localhost","localhost","localhost","localhost","localhost","localhost","localhost","localhost","localhost","localhost","localhost","localhost","localhost","localhost","localhost","localhost","https://vangoghmuseum.nl/en/collection?Type=drawing","https://vangoghmuseum.nl/en/collection?Genre=figure (representation)","localhost","localhost","localhost","https://vangoghmuseum.nl/en/collection?Genre=still life","https://vangoghmuseum.nl/en/collection?Genre=nude","localhost","localhost","localhost","localhost","localhost","localhost","localhost","localhost","localhost","localhost","localhost","localhost","localhost","localhost","localhost","localhost","localhost","localhost","localhost","https://vangoghmuseum.nl/en/collection?Date=1887","localhost","localhost","localhost","https://vangoghmuseum.nl/en/collection?Place=Paris","localhost","localhost"
"d0137V1962r","F1712r","JH1056","Torso of Venus","32.1 cm x 24.6 cm","Paris","1887","Van Gogh Museum, Amsterdam (Vincent van Gogh Foundation)","chalk on paper","Data\Img\d0137V1962r\vangoghmuseum-d0137V1962r-800-rgb.jpg","Data\Img\d0137V1962r\vangoghmuseum-d0137V1962r-800-bw.jpg","[800, 609, 3]","[800, 609]","localhost","localhost","localhost","localhost","localhost","localhost","localhost","localhost","localhost","localhost","localhost","localhost","localhost","localhost","localhost","localhost","localhost","localhost","https://vangoghmuseum.nl/en/collection?Type=drawing","https://vangoghmuseum.nl/en/collection?Genre=figure (representation)","localhost","localhost","localhost","https://vangoghmuseum.nl/en/collection?Genre=still life","https://vangoghmuseum.nl/en/collection?Genre=nude","localhost","localhost","localhost","localhost","localhost","localhost","localhost","localhost","localhost","localhost","localhost","localhost","localhost","localhost","localhost","localhost","localhost","localhost","localhost","https://vangoghmuseum.nl/en/collection?Date=1887","localhost","localhost","localhost","https://vangoghmuseum.nl/en/collection?Place=Paris","localhost","localhost"
"d0138V1962r","F1713r","JH1061","Torso of Venus","32.2 cm x 24.6 cm","Paris","1887","Van Gogh Museum, Amsterdam (Vincent van Gogh Foundation)","chalk on paper","Data\Img\d0138V1962r\vangoghmuseum-d0138V1962r-800-rgb.jpg","Data\Img\d0138V1962r\vangoghmuseum-d0138V1962r-800-bw.jpg","[800, 615, 3]","[800, 615]","localhost","localhost","localhost","localhost","localhost","localhost","localhost","localhost","localhost","localhost","localhost","localhost","localhost","localhost","localhost","localhost","localhost","localhost","https://vangoghmuseum.nl/en/collection?Type=drawing","https://vangoghmuseum.nl/en/collection?Genre=figure (representation)","localhost","localhost","localhost","https://vangoghmuseum.nl/en/collection?Genre=still life","https://vangoghmuseum.nl/en/collection?Genre=nude","localhost","localhost","localhost","localhost","localhost","localhost","localhost","localhost","localhost","localhost","localhost","localhost","localhost","localhost","localhost","localhost","localhost","localhost","localhost","https://vangoghmuseum.nl/en/collection?Date=1887","localhost","localhost","localhost","https://vangoghmuseum.nl/en/collection?Place=Paris","localhost","localhost"
"d0140V1962r","F1716r","JH1073","Torso of Venus","20.8 cm x 13.0 cm","Paris","1887","Van Gogh Museum, Amsterdam (Vincent van Gogh Foundation)","chalk, pencil, on paper","Data\Img\d0140V1962r\vangoghmuseum-d0140V1962r-800-rgb.jpg","Data\Img\d0140V1962r\vangoghmuseum-d0140V1962r-800-bw.jpg","[800, 511, 3]","[800, 511]","localhost","localhost","localhost","localhost","localhost","localhost","localhost","localhost","localhost","localhost","localhost","localhost","localhost","localhost","localhost","localhost","localhost","localhost","https://vangoghmuseum.nl/en/collection?Type=drawing","https://vangoghmuseum.nl/en/collection?Genre=figure (representation)","localhost","localhost","localhost","https://vangoghmuseum.nl/en/collection?Genre=still life","https://vangoghmuseum.nl/en/collection?Genre=nude","localhost","localhost","localhost","localhost","localhost","localhost","localhost","localhost","localhost","localhost","localhost","localhost","localhost","localhost","localhost","localhost","localhost","localhost","localhost","https://vangoghmuseum.nl/en/collection?Date=1887","localhost","localhost","localhost","https://vangoghmuseum.nl/en/collection?Place=Paris","localhost","localhost"
"d0153V1970","F1374","JH1291","Apartment Blocks and Miscellaneous Studies","29.1 cm x 46.0 cm","Paris","June-September 1887","Van Gogh Museum, Amsterdam (Vincent van Gogh Foundation)","pencil on paper","Data\Img\d0153V1970\vangoghmuseum-d0153V1970-800-rgb.jpg","Data\Img\d0153V1970\vangoghmuseum-d0153V1970-800-bw.jpg","[505, 800, 3]","[505, 800]","localhost","localhost","localhost","localhost","localhost","localhost","localhost","localhost","localhost","localhost","localhost","localhost","localhost","localhost","localhost","localhost","localhost","localhost","https://vangoghmuseum.nl/en/collection?Type=drawing","https://vangoghmuseum.nl/en/collection?Genre=figure (representation)","https://vangoghmuseum.nl/en/collection?Genre=landscape (representation)","localhost","localhost","localhost","localhost","https://vangoghmuseum.nl/en/collection?Genre=cityscape","localhost","localhost","localhost","localhost","localhost","localhost","localhost","localhost","localhost","localhost","localhost","localhost","localhost","localhost","localhost","localhost","localhost","localhost","https://vangoghmuseum.nl/en/collection?Date=1887","localhost","localhost","localhost","https://vangoghmuseum.nl/en/collection?Place=Paris","localhost","localhost"
"d0158V1962","F1707","JH1067","Torso of Venus","48.9 cm x 31.8 cm","Paris","March-May 1886","Van Gogh Museum, Amsterdam (Vincent van Gogh Foundation)","charcoal, pencil, on paper","Data\Img\d0158V1962\vangoghmuseum-d0158V1962-800-rgb.jpg","Data\Img\d0158V1962\vangoghmuseum-d0158V1962-800-bw.jpg","[800, 511, 3]","[800, 511]","localhost","localhost","localhost","localhost","localhost","localhost","localhost","localhost","localhost","localhost","localhost","localhost","localhost","localhost","localhost","localhost","localhost","localhost","https://vangoghmuseum.nl/en/collection?Type=drawing","https://vangoghmuseum.nl/en/collection?Genre=figure (representation)","localhost","localhost","localhost","https://vangoghmuseum.nl/en/collection?Genre=still life","https://vangoghmuseum.nl/en/collection?Genre=nude","localhost","localhost","localhost","localhost","localhost","localhost","localhost","localhost","localhost","localhost","localhost","localhost","localhost","localhost","localhost","localhost","localhost","localhost","https://vangoghmuseum.nl/en/collection?Date=1886","localhost","localhost","localhost","localhost","https://vangoghmuseum.nl/en/collection?Place=Paris","localhost","localhost"
"d0159V1962r","F1709r","JH1066","Torso of Venus","47.5 cm x 31.5 cm","Paris","March-May 1886","Van Gogh Museum, Amsterdam (Vincent van Gogh Foundation)","chalk on paper","Data\Img\d0159V1962r\vangoghmuseum-d0159V1962r-800-rgb.jpg","Data\Img\d0159V1962r\vangoghmuseum-d0159V1962r-800-bw.jpg","[800, 600, 3]","[800, 600]","localhost","localhost","localhost","localhost","localhost","localhost","localhost","localhost","localhost","localhost","localhost","localhost","localhost","localhost","localhost","localhost","localhost","localhost","https://vangoghmuseum.nl/en/collection?Type=drawing","https://vangoghmuseum.nl/en/collection?Genre=figure (representation)","localhost","localhost","localhost","https://vangoghmuseum.nl/en/collection?Genre=still life","https://vangoghmuseum.nl/en/collection?Genre=nude","localhost","localhost","localhost","localhost","localhost","localhost","localhost","localhost","localhost","localhost","localhost","localhost","localhost","localhost","localhost","localhost","localhost","localhost","https://vangoghmuseum.nl/en/collection?Date=1886","localhost","localhost","localhost","localhost","https://vangoghmuseum.nl/en/collection?Place=Paris","localhost","localhost"
"d0159V1962v","F1709v","JH1050","Venus","47.5 cm x 31.5 cm","Paris","March-May 1886","Van Gogh Museum, Amsterdam (Vincent van Gogh Foundation)","pencil on paper","Data\Img\d0159V1962v\vangoghmuseum-d0159V1962v-800-rgb.jpg","Data\Img\d0159V1962v\vangoghmuseum-d0159V1962v-800-bw.jpg","[800, 600, 3]","[800, 600]","localhost","localhost","localhost","localhost","localhost","localhost","localhost","localhost","localhost","localhost","localhost","localhost","localhost","localhost","localhost","localhost","localhost","localhost","https://vangoghmuseum.nl/en/collection?Type=drawing","https://vangoghmuseum.nl/en/collection?Genre=figure (representation)","localhost","localhost","localhost","https://vangoghmuseum.nl/en/collection?Genre=still life","https://vangoghmuseum.nl/en/collection?Genre=nude","localhost","localhost","localhost","localhost","localhost","localhost","localhost","localhost","localhost","localhost","localhost","localhost","localhost","localhost","localhost","localhost","localhost","localhost","https://vangoghmuseum.nl/en/collection?Date=1886","localhost","localhost","localhost","localhost","https://vangoghmuseum.nl/en/collection?Place=Paris","localhost","localhost"
"d0160V1962v","F1710v","JH1048","Idol and Sketches of Venus","47.3 cm x 35.2 cm","Paris","March-May 1886","Van Gogh Museum, Amsterdam (Vincent van Gogh Foundation)","chalk on paper","Data\Img\d0160V1962v\vangoghmuseum-d0160V1962v-800-rgb.jpg","Data\Img\d0160V1962v\vangoghmuseum-d0160V1962v-800-bw.jpg","[800, 606, 3]","[800, 606]","localhost","localhost","localhost","localhost","localhost","localhost","localhost","localhost","localhost","localhost","localhost","localhost","localhost","localhost","localhost","localhost","localhost","localhost","https://vangoghmuseum.nl/en/collection?Type=drawing","https://vangoghmuseum.nl/en/collection?Genre=figure (representation)","localhost","localhost","localhost","https://vangoghmuseum.nl/en/collection?Genre=still life","https://vangoghmuseum.nl/en/collection?Genre=nude","localhost","localhost","localhost","localhost","localhost","localhost","localhost","localhost","localhost","localhost","localhost","localhost","localhost","localhost","localhost","localhost","localhost","localhost","https://vangoghmuseum.nl/en/collection?Date=1886","localhost","localhost","localhost","localhost","https://vangoghmuseum.nl/en/collection?Place=Paris","localhost","localhost"
"d0180V1962r","F1708r","JH1064","Torso of Venus","61.1 cm x 45.5 cm","Paris","March-May 1886","Van Gogh Museum, Amsterdam (Vincent van Gogh Foundation)","chalk on paper","Data\Img\d0180V1962r\vangoghmuseum-d0180V1962r-800-rgb.jpg","Data\Img\d0180V1962r\vangoghmuseum-d0180V1962r-800-bw.jpg","[800, 587, 3]","[800, 587]","localhost","localhost","localhost","localhost","localhost","localhost","localhost","localhost","localhost","localhost","localhost","localhost","localhost","localhost","localhost","localhost","localhost","localhost","https://vangoghmuseum.nl/en/collection?Type=drawing","https://vangoghmuseum.nl/en/collection?Genre=figure (representation)","localhost","localhost","localhost","https://vangoghmuseum.nl/en/collection?Genre=still life","https://vangoghmuseum.nl/en/collection?Genre=nude","localhost","localhost","localhost","localhost","localhost","localhost","localhost","localhost","localhost","localhost","localhost","localhost","localhost","localhost","localhost","localhost","localhost","localhost","https://vangoghmuseum.nl/en/collection?Date=1886","localhost","localhost","localhost","localhost","https://vangoghmuseum.nl/en/collection?Place=Paris","localhost","localhost"
"d0180V1962v","F1708v","JH1065","Torso of Venus","61.1 cm x 45.5 cm","Paris","March-May 1886","Van Gogh Museum, Amsterdam (Vincent van Gogh Foundation)","chalk on paper","Data\Img\d0180V1962v\vangoghmuseum-d0180V1962v-800-rgb.jpg","Data\Img\d0180V1962v\vangoghmuseum-d0180V1962v-800-bw.jpg","[800, 588, 3]","[800, 588]","localhost","localhost","localhost","localhost","localhost","localhost","localhost","localhost","localhost","localhost","localhost","localhost","localhost","localhost","localhost","localhost","localhost","localhost","https://vangoghmuseum.nl/en/collection?Type=drawing","https://vangoghmuseum.nl/en/collection?Genre=figure (representation)","localhost","localhost","localhost","https://vangoghmuseum.nl/en/collection?Genre=still life","https://vangoghmuseum.nl/en/collection?Genre=nude","localhost","localhost","localhost","localhost","localhost","localhost","localhost","localhost","localhost","localhost","localhost","localhost","localhost","localhost","localhost","localhost","localhost","localhost","https://vangoghmuseum.nl/en/collection?Date=1886","localhost","localhost","localhost","localhost","https://vangoghmuseum.nl/en/collection?Place=Paris","localhost","localhost"
"d0190V1962r","F1508r","NA00000","Standing Male Nude and Sitting Figure (after Bargue)","44.3 cm x 27.3 cm","Auvers-sur-Oise","June 1890","Van Gogh Museum, Amsterdam (Vincent van Gogh Foundation)","pencil on paper","Data\Img\d0190V1962r\vangoghmuseum-d0190V1962r-800-rgb.jpg","Data\Img\d0190V1962r\vangoghmuseum-d0190V1962r-800-bw.jpg","[800, 487, 3]","[800, 487]","localhost","localhost","localhost","localhost","localhost","localhost","localhost","localhost","localhost","localhost","localhost","localhost","localhost","localhost","localhost","localhost","localhost","localhost","https://vangoghmuseum.nl/en/collection?Type=drawing","https://vangoghmuseum.nl/en/collection?Genre=figure (representation)","localhost","localhost","localhost","localhost","https://vangoghmuseum.nl/en/collection?Genre=nude","localhost","localhost","localhost","localhost","localhost","localhost","localhost","localhost","localhost","localhost","localhost","localhost","localhost","localhost","localhost","localhost","localhost","localhost","localhost","localhost","https://vangoghmuseum.nl/en/collection?Date=1890","localhost","localhost","localhost","localhost","https://vangoghmuseum.nl/en/collection?Place=Auvers-sur-Oise"
"d0212V1962v","F1609v","NA00000","Sitting Male Nude (after Bargue)","43.7 cm x 26.9 cm","Auvers-sur-Oise","June 1890","Van Gogh Museum, Amsterdam (Vincent van Gogh Foundation)","pencil on paper","Data\Img\d0212V1962v\vangoghmuseum-d0212V1962v-800-rgb.jpg","Data\Img\d0212V1962v\vangoghmuseum-d0212V1962v-800-bw.jpg","[800, 482, 3]","[800, 482]","localhost","localhost","localhost","localhost","localhost","localhost","localhost","localhost","localhost","localhost","localhost","localhost","localhost","localhost","localhost","localhost","localhost","localhost","https://vangoghmuseum.nl/en/collection?Type=drawing","https://vangoghmuseum.nl/en/collection?Genre=figure (representation)","localhost","localhost","localhost","localhost","https://vangoghmuseum.nl/en/collection?Genre=nude","localhost","localhost","localhost","localhost","localhost","localhost","localhost","localhost","localhost","localhost","localhost","localhost","localhost","localhost","localhost","localhost","localhost","localhost","localhost","localhost","https://vangoghmuseum.nl/en/collection?Date=1890","localhost","localhost","localhost","localhost","https://vangoghmuseum.nl/en/collection?Place=Auvers-sur-Oise"
"d0303V1972v","F0000","NA00000","Fragment of a Venus","26.6 cm x 22.1 cm","Paris","March-May 1886","Van Gogh Museum, Amsterdam (Vincent van Gogh Foundation)","chalk on paper","Data\Img\d0303V1972v\vangoghmuseum-d0303V1972v-800-rgb.jpg","Data\Img\d0303V1972v\vangoghmuseum-d0303V1972v-800-bw.jpg","[800, 673, 3]","[800, 673]","localhost","localhost","localhost","localhost","localhost","localhost","localhost","localhost","localhost","localhost","localhost","localhost","localhost","localhost","localhost","localhost","localhost","localhost","https://vangoghmuseum.nl/en/collection?Type=drawing","https://vangoghmuseum.nl/en/collection?Genre=figure (representation)","localhost","localhost","localhost","https://vangoghmuseum.nl/en/collection?Genre=still life","https://vangoghmuseum.nl/en/collection?Genre=nude","localhost","localhost","localhost","localhost","localhost","localhost","localhost","localhost","localhost","localhost","localhost","localhost","localhost","localhost","localhost","localhost","localhost","localhost","https://vangoghmuseum.nl/en/collection?Date=1886","localhost","localhost","localhost","localhost","https://vangoghmuseum.nl/en/collection?Place=Paris","localhost","localhost"
"d0399V1962","F1363g","JH1052","Venus","50.9 cm x 39.7 cm","Paris","March-May 1886","Van Gogh Museum, Amsterdam (Vincent van Gogh Foundation)","charcoal (?), chalk, on paper","Data\Img\d0399V1962\vangoghmuseum-d0399V1962-800-rgb.jpg","Data\Img\d0399V1962\vangoghmuseum-d0399V1962-800-bw.jpg","[800, 620, 3]","[800, 620]","localhost","localhost","localhost","localhost","localhost","localhost","localhost","localhost","localhost","localhost","localhost","localhost","localhost","localhost","localhost","localhost","localhost","localhost","https://vangoghmuseum.nl/en/collection?Type=drawing","https://vangoghmuseum.nl/en/collection?Genre=figure (representation)","localhost","localhost","localhost","https://vangoghmuseum.nl/en/collection?Genre=still life","https://vangoghmuseum.nl/en/collection?Genre=nude","localhost","localhost","localhost","localhost","localhost","localhost","localhost","localhost","localhost","localhost","localhost","localhost","localhost","localhost","localhost","localhost","localhost","localhost","https://vangoghmuseum.nl/en/collection?Date=1886","localhost","localhost","localhost","localhost","https://vangoghmuseum.nl/en/collection?Place=Paris","localhost","localhost"
"d0401V1962","F1363b","JH1069","Torso of Venus","43.7 cm x 31.3 cm","Paris","March-May 1886","Van Gogh Museum, Amsterdam (Vincent van Gogh Foundation)","chalk on paper","Data\Img\d0401V1962\vangoghmuseum-d0401V1962-800-rgb.jpg","Data\Img\d0401V1962\vangoghmuseum-d0401V1962-800-bw.jpg","[800, 600, 3]","[800, 600]","localhost","localhost","localhost","localhost","localhost","localhost","localhost","localhost","localhost","localhost","localhost","localhost","localhost","localhost","localhost","localhost","localhost","localhost","https://vangoghmuseum.nl/en/collection?Type=drawing","https://vangoghmuseum.nl/en/collection?Genre=figure (representation)","localhost","localhost","localhost","https://vangoghmuseum.nl/en/collection?Genre=still life","https://vangoghmuseum.nl/en/collection?Genre=nude","localhost","localhost","localhost","localhost","localhost","localhost","localhost","localhost","localhost","localhost","localhost","localhost","localhost","localhost","localhost","localhost","localhost","localhost","https://vangoghmuseum.nl/en/collection?Date=1886","localhost","localhost","localhost","localhost","https://vangoghmuseum.nl/en/collection?Place=Paris","localhost","localhost"
"d0402V1962r","F1371r","JH1068","Torso of Venus","47.6 cm x 31.5 cm","Paris","March-May 1886","Van Gogh Museum, Amsterdam (Vincent van Gogh Foundation)","chalk on paper","Data\Img\d0402V1962r\vangoghmuseum-d0402V1962r-800-rgb.jpg","Data\Img\d0402V1962r\vangoghmuseum-d0402V1962r-800-bw.jpg","[800, 509, 3]","[800, 509]","localhost","localhost","localhost","localhost","localhost","localhost","localhost","localhost","localhost","localhost","localhost","localhost","localhost","localhost","localhost","localhost","localhost","localhost","https://vangoghmuseum.nl/en/collection?Type=drawing","https://vangoghmuseum.nl/en/collection?Genre=figure (representation)","localhost","localhost","localhost","https://vangoghmuseum.nl/en/collection?Genre=still life","https://vangoghmuseum.nl/en/collection?Genre=nude","localhost","localhost","localhost","localhost","localhost","localhost","localhost","localhost","localhost","localhost","localhost","localhost","localhost","localhost","localhost","localhost","localhost","localhost","https://vangoghmuseum.nl/en/collection?Date=1886","localhost","localhost","localhost","localhost","https://vangoghmuseum.nl/en/collection?Place=Paris","localhost","localhost"
"d0402V1962v","F1371v","NA00000","Venus de Milo","47.6 cm x 31.5 cm","Paris","March-May 1886","Van Gogh Museum, Amsterdam (Vincent van Gogh Foundation)","chalk on paper","Data\Img\d0402V1962v\vangoghmuseum-d0402V1962v-800-rgb.jpg","Data\Img\d0402V1962v\vangoghmuseum-d0402V1962v-800-bw.jpg","[800, 508, 3]","[800, 508]","localhost","localhost","localhost","localhost","localhost","localhost","localhost","localhost","localhost","localhost","localhost","localhost","localhost","localhost","localhost","localhost","localhost","localhost","https://vangoghmuseum.nl/en/collection?Type=drawing","https://vangoghmuseum.nl/en/collection?Genre=figure (representation)","localhost","localhost","localhost","https://vangoghmuseum.nl/en/collection?Genre=still life","https://vangoghmuseum.nl/en/collection?Genre=nude","localhost","localhost","localhost","localhost","localhost","localhost","localhost","localhost","localhost","localhost","localhost","localhost","localhost","localhost","localhost","localhost","localhost","localhost","https://vangoghmuseum.nl/en/collection?Date=1886","localhost","localhost","localhost","localhost","https://vangoghmuseum.nl/en/collection?Place=Paris","localhost","localhost"
"d1125S2005","F0847","JHjuv12","The Daughter of Jacob Meyer (after Bargue after Holbein)","42.6 cm x 30.5 cm, 82.3 cm x 70.6 cm","Brussels","October 1880-April 1881","Kroller Muller Museum, Otterlo and Van Gogh Museum, Amsterdam (purchased with support from the BankGiro Loterij)","pencil on paper","Data\Img\d1125S2005\vangoghmuseum-d1125S2005-800-rgb.jpg","Data\Img\d1125S2005\vangoghmuseum-d1125S2005-800-bw.jpg","[800, 570, 3]","[800, 570]","localhost","localhost","localhost","localhost","localhost","localhost","localhost","localhost","localhost","localhost","localhost","localhost","localhost","localhost","localhost","localhost","localhost","localhost","https://vangoghmuseum.nl/en/collection?Type=drawing","localhost","localhost","localhost","https://vangoghmuseum.nl/en/collection?Genre=portrait","localhost","localhost","localhost","localhost","localhost","localhost","localhost","localhost","localhost","localhost","localhost","localhost","localhost","localhost","localhost","localhost","https://vangoghmuseum.nl/en/collection?Date=1871 - 1880","https://vangoghmuseum.nl/en/collection?Date=1881","localhost","localhost","localhost","localhost","localhost","localhost","localhost","localhost","https://vangoghmuseum.nl/en/collection?Place=Brussels","localhost"
